<?xml version="1.0" encoding="UTF-8" ?>
<!DOCTYPE mapper
  PUBLIC "-//mybatis.org//DTD Mapper 3.0//EN"
  "https://mybatis.org/dtd/mybatis-3-mapper.dtd">
<mapper namespace="com.mountain.model.dao.ChatDao">

	<select id="selectAll" resultType="ChatLogResponse">
		SELECT 
		    c.serial AS serial,
		    c.content AS content,
		    c.create_date AS CreateDate,
		    u.serial AS userSerial,
		    u.name AS userName,
		    u.id AS userId,
		    u.point AS userPoint,
		    u.gender AS userGender,
		    m.serial AS mountainSerial,
		    m.name AS mountainName,
		    ci.date AS hikingDate
		FROM 
		    Chat c
		JOIN 
		    ChatUserManager cu ON c.ChatUserManager_serial = cu.serial
		JOIN 
		    User u ON cu.user_serial = u.serial
		JOIN 
		    ChatInfo ci ON cu.chatInfo_serial = ci.serial
		JOIN 
		    Mountain m ON ci.mountain_serial = m.serial
	</select>

	<select id="selectChatByChatInfoSerial" parameterType="int" resultType="ChatLogResponse">
		SELECT 
		    c.serial AS serial,
		    c.content AS content,
		    c.create_date AS CreateDate,
		    u.serial AS userSerial,
		    u.name AS userName,
		    u.id AS userId,
		    u.point AS userPoint,
		    u.gender AS userGender,
		    m.serial AS mountainSerial,
		    m.name AS mountainName,
		    ci.date AS hikingDate
		FROM 
		    Chat c
		JOIN 
		    ChatUserManager cu ON c.ChatUserManager_serial = cu.serial
		JOIN 
		    User u ON cu.user_serial = u.serial
		JOIN 
		    ChatInfo ci ON cu.chatInfo_serial = ci.serial
		JOIN 
		    Mountain m ON ci.mountain_serial = m.serial
		WHERE ChatUserManager_serial In (SELECT serial
										FROM ChatUserManager
										WHERE chatInfo_serial = #{chatInfoSerial});
	</select>
	
	<select id="selectOne" parameterType="int" resultType="ChatLogResponse">
		SELECT 
		    c.serial AS serial,
		    c.content AS content,
		    c.create_date AS CreateDate,
		    u.serial AS userSerial,
		    u.name AS userName,
		    u.id AS userId,
		    u.point AS userPoint,
		    u.gender AS userGender,
		    m.serial AS mountainSerial,
		    m.name AS mountainName,
		    ci.date AS hikingDate
		FROM 
		    Chat c
		JOIN 
		    ChatUserManager cu ON c.ChatUserManager_serial = cu.serial
		JOIN 
		    User u ON cu.user_serial = u.serial
		JOIN 
		    ChatInfo ci ON cu.chatInfo_serial = ci.serial
		JOIN 
		    Mountain m ON ci.mountain_serial = m.serial
		WHERE serial = #{chatSerial}
	</select>
	
	<insert id="createChat" parameterType="Chat">
		INSERT INTO Chat (chatInfo_serial, user_serial, content)
		VALUE (#{chatInfoSerial}, #{userSerial}, #{content})
	</insert>
	
	<update id="modifyChat" parameterType="Chat">
		UPDATE Chat
		SET chatInfo_serial = #{chatInfoSerial}, user_serial = #{userSerial}, content = #{content}
		WHERE serial = #{serial};
	</update>
	
	<delete id="deleteChat" parameterType="int">
		DELETE FROM Chat
		WHERE serial = #{chatSerial};
	</delete>
	
</mapper>