<?xml version="1.0" encoding="UTF-8" ?>
<!DOCTYPE mapper
  PUBLIC "-//mybatis.org//DTD Mapper 3.0//EN"
  "https://mybatis.org/dtd/mybatis-3-mapper.dtd">
<mapper namespace="com.mountain.model.dao.MountainDao">

	<select id="selectAll" resultType="Mountain">
		SELECT *
		FROM Mountain;
	</select>

	<select id="selectMountainByState" parameterType="String"
		resultType="Mountain">
		SELECT *
		FROM Mountain
		WHERE state = #{state};
	</select>

	<select id="selectOne" parameterType="int" resultType="Mountain">
		SELECT *
		FROM Mountain
		WHERE serial = #{mountainSerial};
	</select>

	<insert id="createMountain">
		INSERT INTO Mountain (`name`, latitude, longitude,
		altitude, course, difficulty, fee, state, town, point)
		VALUE (#{name},
		#{latitude}, #{longitude}, #{altitude}, #{course}, #{difficulty},
		#{fee}, #{state}, #{town}, #{point})
	</insert>

	<update id="modifyMountain">
		UPDATE Mountain
		SET name = #{name}, latitude =
		#{latitude}, longitude = #{longitude}, altitude = #{altitude}, course
		= #{course}, difficulty = #{difficulty}, fee = #{fee}, state =
		#{state}, town = #{town}, point = #{point}
		WHERE serial = #{serial};
	</update>

	<delete id="deleteMountain" parameterType="int">
		DELETE FROM Mountain
		WHERE serial = #{mountainSerial};
	</delete>

	<select id="selectMountainBySearch"
		parameterType="SearchConditionForMountain" resultType="Mountain">
		SELECT *
		FROM Mountain
		<where>
			<if test="key != ''">
				${key} LIKE concat('%', #{word}, '%')
			</if>
			<if test="key != '' and state != '전체'">
				AND state = #{state}
			</if>
			<if test="key == '' and state != '전체'">
				state = #{state}
			</if>
		</where>
		<if test="orderBy != ''">
			ORDER BY ${orderBy} ${orderByDir}
		</if>
	</select>


	<select id="selectCompleteMountainByUserSerial"
		parameterType="int" resultType="MountainComplete">
		SELECT u.serial AS userSerial, m.serial
		AS mountainSerial, m.name AS mountainName, c.reg_date AS
		commentRegDate, m.difficulty AS difficulty, m.state AS state
		FROM User
		u, Mountain m, comment c
		WHERE u.serial = c.user_serial AND m.serial =
		c.mountain_serial AND
		c.user_serial = #{userSerial};
	</select>


</mapper>