<?xml version="1.0" encoding="UTF-8" ?>
<!DOCTYPE mapper
  PUBLIC "-//mybatis.org//DTD Mapper 3.0//EN"
  "https://mybatis.org/dtd/mybatis-3-mapper.dtd">
<mapper namespace="com.mountain.model.dao.UserDao">

	<select id="userList" resultType="User">
		SELECT *
		FROM User;
	</select>

	<insert id="createUser" parameterType="User">
		INSERT INTO User (id,
		`password`, name, birth_date, gender, email)
		VALUES (#{id},
		#{password}, #{name}, #{birthDate}, #{gender}, #{email});
	</insert>

	<select id="selectUserById" parameterType="String"
		resultType="User">
		SELECT *
		FROM User
		WHERE id = #{userId};
	</select>

	<select id="selectUserByName" parameterType="Map"
		resultType="User">
		SELECT *
		FROM User
		WHERE name LIKE CONCAT('%', #{userName},
		'%')
		AND serial != #{mySerial}
	</select>

	<update id="modifyUser" parameterType="User">
		UPDATE User
		SET id = #{id},
		password = #{password}, name = #{name}, birth_date = #{birthDate},
		email = #{email}
		WHERE id = #{id};
	</update>

	<delete id="deleteUser" parameterType="int">
		DELETE FROM User
		WHERE
		serial = #{userSerial};
	</delete>

	<select id="isIdExist" parameterType="String" resultType="int">
		SELECT
		COUNT(*)
		FROM User
		WHERE id = #{userId};
	</select>

	<select id="isEmailExist" parameterType="String"
		resultType="int">
		SELECT COUNT(*)
		FROM User
		WHERE email = #{userEmail};
	</select>

	<select id="login" parameterType="Map" resultType="User">
		SELECT *
		FROM
		User
		WHERE id = #{id} AND password = #{password}
	</select>

	<update id="modifyUserPoint" parameterType="int">
		UPDATE User
		SET
		point = point + #{mountainPoint}
		WHERE serial = #{serial};
	</update>

</mapper>